{"fullName":"Aviion Gibbs","email":"xanthus58@protonmail.com","headline":"Your local resident Computer Enthusiast","location":"Adelaide Australia","summary":"I'm a Computer Enthusiast\nCurrently self teaching with the help of online resources\nCurrently learning and growing my skillset in desktop development.\nServer operator and maintainer in my spare time.\nI like to expand my knowledge and explore new technologies.\nIn my free time, I like to listen songs and game.\n\nCheck out my other website https://xanthus58.github.io/Xanthus58/","profilePic":"static/user_profile_images/profilePic.png","backgroundPic":"static/user_profile_images/backgroundPic.jpg","educations":[],"jobPositions":[{"companyLogo":"static/user_profile_images/Volunteer_Winget_Implementor_-AX4t8.jpg","location":"Adelaide Australia","companyName":"Microsoft","description":"Help assist Microsoft with the implementation of software for their package manager named \"Winget\"","dateRange":{"monthFrom":"5","monthTo":0,"yearTo":2022,"yearFrom":2021,"toPresent":true},"url":"https://www.microsoft.com/en-au?SilentAuth=1&wa=wsignin1.0","title":"Volunteer Winget Implementor "}],"projects":[{"title":"Vanilla Renewed","dateRange":{"yearFrom":2021,"yearTo":2022,"toPresent":true,"monthFrom":"8","monthTo":0},"projectImg":"https://firebasestorage.googleapis.com/v0/b/portosaurus-cf425.appspot.com/o/images%2FtqXcNHACgSfUDOJlS30l6iL2Yor1%2Fprojects%2F7b47cdf6-66ee-4b22-aff2-e2c84bdd46e8%2F139557610-8005dc86-4a37-46fd-8544-320ee78941a4.png?alt=media&token=40fa2b8b-f2cb-4e90-9643-90608a241b42","description":"Vanilla Renewed is a Resource pack for Minecraft that intends to optimize, improve quality of life, and fix the game in various ways. Optifine is required for the intended experience.","url":"https://github.com/Xanthus58/Vanilla-Renewed"},{"title":"Valorant Randomizer","description":"A randomizer for Valorant; it has will automaticly select an agent; weapons and shields. Feel free to fork or suggest changes!","url":"https://github.com/Xanthus58/Valorant-Randomizer","dateRange":{"monthTo":0,"toPresent":true,"yearTo":2022,"yearFrom":2022,"monthFrom":"1"}},{"description":"# CC Tweaked Scripts A collection of self made scripts for minecrafts \"CC Tweaked\" Mod Found here:","url":"https://github.com/Xanthus58/CC-Tweaked-Scripts","dateRange":{"yearTo":2022,"monthFrom":"4","monthTo":0,"toPresent":true,"yearFrom":2022},"title":"CC Tweaked Scripts"},{"url":"https://discordbotlist.com/bots/malacyte","dateRange":{"toPresent":true,"yearTo":2022,"monthTo":0,"monthFrom":"3","yearFrom":2022},"description":"Malacyte is a multi functional discord bot built with the Red framework it has Over 100 features; from api integration with inspobot for fun inspirational quotes to YouTube watch party’s and built in YouTube music player.\nAnd even dev tools like API Get And Post requests to being able to pull the HTML Data of any URL provided. Malacyte is your one stop shop for all your bot needs. If you have any questions, suggestions, or need support either join the Malacyte discord group or type “.contact”","projectImg":"https://firebasestorage.googleapis.com/v0/b/portosaurus-cf425.appspot.com/o/images%2FtqXcNHACgSfUDOJlS30l6iL2Yor1%2Fprojects%2F77cf10be-15c4-4211-b342-67ee71a93f97%2Ffdd67fef581729a0224f7bf9e8a52d3b.png?alt=media&token=a775b763-92a0-440b-b4aa-53ccb43d398e","title":"Malacyte"}],"contacts":[{"url":"mailto:xanthus58@protonmail.com","name":"Email"},{"name":"Twitter","url":"https://twitter.com/Xanthus5862"},{"name":"Instagram","url":"https://www.instagram.com/xanthus58/"},{"url":"https://github.com/Xanthus58","name":"Github"},{"url":"Xanthus#3862","name":"Discord"}],"skills":[{"name":"Linux Administration"},{"name":"Server Operator"},{"name":"Computer Hardware"},{"name":"Entry level programming"},{"name":"Computer Software "},{"name":"I.T Support"},{"name":"Entry level rust"},{"name":"Entry level python"},{"name":"Minor Lua"}]}
